"x","y","z","g"
1.8068729328656,1.13386238453376,0.0868898744229227,"d"
-1.24865259654369,0.596064043878978,0.2751743234694,"e"
-0.135588360641422,0.80043285200697,0.704593565315008,"a"
0.950545399826277,2.2648622747083,0.610592228127643,"a"
-1.27110967569925,0.888792356623298,0.883138132980093,"c"
-0.787855318409308,0.125358510220563,0.286357019329444,"f"
-0.0572400115948845,-1.3980209214192,0.966709879226983,"a"
0.457865426846049,1.44954281773959,0.642504177289084,"c"
0.144469612183442,0.36616007577006,0.128421054920182,"f"
0.257020422542692,0.787156272730038,0.00668358895927668,"e"
0.566945268040088,1.99349227209588,0.86527441535145,"a"
0.424664085592641,-0.487113608035446,0.808966340031475,"c"
0.146350990154121,1.22412844147298,0.120540453586727,"e"
-1.17230206893194,0.264136504850608,0.328503320692107,"b"
1.56423975679609,1.00059680842242,0.329165022354573,"a"
0.291056321743107,1.29818048288858,0.538563568145037,"e"
-0.668325325020295,-0.923926421754236,0.740897302981466,"c"
-0.503724889405221,0.30310690020933,0.842700532171875,"c"
2.18121051806536,2.45302589057212,0.0691186995245516,"f"
1.01505199465683,1.61542399402888,0.545552249997854,"d"
0.143922707739596,0.267610573559463,0.261822235304862,"f"
0.093498422355901,1.54205961113243,0.784534443868324,"a"
-1.23226767041972,-1.37108475007452,0.803916158387437,"d"
1.00691166586882,0.914118066112771,0.323618525639176,"f"
1.84039738825046,0.0143550708062719,0.445282482774928,"a"
-1.12440705853693,0.278525412822399,0.161825615679845,"d"
0.141266220616364,1.77135536316759,0.672197742853314,"d"
0.0646864023678785,-0.860509511599715,0.252681771991774,"d"
-0.0443804598215791,0.366536384156322,0.372037067543715,"e"
0.623761661280475,0.143911788403533,0.688626885181293,"c"
-0.36907654110048,-0.00178537917077265,0.76692607998848,"b"
-0.684888301710364,1.125622579155,0.201407224638388,"f"
0.952392990144484,-0.621344875027405,0.373684455407783,"b"
0.659777131684788,-0.0856402104692303,0.971872422844172,"f"
0.476232821331824,0.0375041301644509,0.733904894674197,"d"
1.23149491392956,0.537099239945768,0.289431706769392,"f"
1.45071693390747,1.21371469049744,0.943670134060085,"d"
-1.35201459747813,0.749742204566769,0.979769970523193,"e"
1.13913317510335,-0.0587950279140738,0.117101840674877,"f"
-2.17981338975298,-0.859496796877184,0.76073076413013,"f"
-1.78727294868922,0.660674586803094,0.852379377000034,"a"
1.50950103190731,2.04900723329629,0.297816896112636,"f"
-0.384922327314271,-0.171051955012388,0.768723352113739,"d"
-0.507206151906636,-0.181597612904168,0.0252764865290374,"c"
-0.559234412192054,0.869373902044895,0.174424999160692,"f"
0.878110870692939,1.06633420770727,0.0784368764143437,"e"
1.04695790580191,1.16939853632843,0.842009952291846,"f"
0.188412736184177,0.28365497803769,0.847626600414515,"b"
-0.0511226594175668,-0.393636134712435,0.519744425313547,"f"
-0.127578032290776,0.0876043237292483,0.936568537028506,"a"
0.245969411620257,0.654540285024164,0.642795332241803,"d"
0.673924335564416,1.42513973571353,0.345174654852599,"a"
-1.04051680036451,-0.0751988399396868,0.303642422426492,"f"
0.445236736546517,-0.203125533415786,0.155664832564071,"a"
-0.88733219988616,0.129344508135865,0.528843644307926,"e"
1.2166087320514,1.22141375293442,0.768982432316989,"f"
-0.697682032845357,0.810564291347784,0.906771040288731,"e"
0.105095416816194,0.80558460691031,0.303232916397974,"a"
-1.0077096609546,0.79918582994429,0.571101603098214,"d"
0.651501776121596,0.63437467725292,0.564125245204195,"d"
-0.513306478734283,1.70018874592917,0.835626052226871,"a"
-0.350038397163649,1.28802954358374,0.540322727290913,"a"
-2.14659333990823,1.24759740939884,0.276674039196223,"b"
-0.92161701496577,-1.90952450336274,0.34211140521802,"f"
0.982469438014805,1.77499397737076,0.412986540235579,"c"
1.42017043259511,-0.129916717823241,0.361005622427911,"f"
-1.57764255242688,-0.565965430494654,0.545469231903553,"d"
0.174289644812308,1.35161943569385,0.493848181329668,"a"
0.0308464090485494,0.147233589801052,0.584461750462651,"b"
1.83690386709486,0.275829460678994,0.625104564474896,"d"
0.516242066276939,2.40300591554802,0.649835613556206,"d"
-0.159317104880184,-0.0875305441028052,0.00198941235430539,"a"
0.108726796927207,1.09074008745092,0.230049475328997,"b"
-0.94461182807638,0.181894283389171,0.128656400367618,"c"
0.0602219046711618,-1.56709041862183,0.721125229727477,"a"
1.71481788295814,1.09779758779279,0.867661616532132,"a"
-0.351467250809685,0.111036918862903,0.00913921953178942,"e"
-0.555724804844008,0.730183644838825,0.419877020409331,"b"
0.3303922583791,-0.494674526565431,0.641058798646554,"f"
0.22828024006274,1.04330130512163,0.398157978896052,"a"
-0.398931748883626,-0.0300242259324118,0.42621351708658,"f"
0.702255817635009,0.994492128201781,0.0633951532654464,"c"
1.65828795976655,-1.25284522705106,0.959423399530351,"a"
-1.22430245461316,-0.0983150654887685,0.380507976748049,"a"
-0.58757231574637,-0.945197377078113,0.104466842953116,"e"
-1.60821984504501,-0.353046899157792,0.557030317839235,"a"
2.10078178508576,2.15530576418724,0.803493190091103,"d"
0.170925666469105,-0.15405743147721,0.457859937101603,"e"
0.416295587379683,0.438256389605397,0.409787776181474,"b"
0.98102219635806,2.51859435161084,0.422931891400367,"b"
1.73536543051614,-0.744497859877988,0.816432502353564,"d"
1.61583506730889,1.3126417434657,0.538752066902816,"f"
-0.434932088537306,-0.184741680739048,0.725151244318113,"d"
0.899906828205859,0.0759762573922198,0.387848754646257,"d"
-0.534107092363551,0.450291358980354,0.0974793774075806,"c"
-0.182811614858465,-0.226699954347121,0.846121550071985,"c"
0.597440199144513,0.432413603569991,0.656354151666164,"c"
0.132538027017425,2.50665296407419,0.329085211502388,"f"
-0.890511479051505,-0.101441003747482,0.724814975867048,"e"
0.304512970987679,-0.379446517291931,0.0845938066486269,"f"
-0.215685454028466,0.485259773537525,0.331751639023423,"b"
0.715263328956368,0.342696660984709,0.272667028708383,"f"
-0.57002382185447,-0.0280231142883231,0.034200195921585,"e"
-0.020430083254482,-0.957117771512449,0.218686663545668,"e"
1.3264019795001,0.678321453903131,0.867480441462249,"a"
0.551775928911922,2.26300775640262,0.373364665545523,"d"
3.07780882669147,0.700181540734882,0.685270760208368,"b"
0.474216655091208,0.164563252244002,0.245843842625618,"f"
0.843609876024633,0.55872622564587,0.72314054146409,"f"
-0.889850773325075,0.443092178968678,0.420437129912898,"b"
-0.411704893515213,0.451395674743282,0.609757574740797,"d"
0.667294135305957,-0.531142395472175,0.660281582269818,"c"
-0.513532428546052,0.0597036186780303,0.283951884368435,"f"
-0.494038254102247,0.187855228060913,0.99793083127588,"e"
1.54097288433054,1.26316645753261,0.561373443109915,"d"
0.240814061164445,1.34969560607336,0.306379521032795,"f"
0.413560180962412,1.68827035846076,0.763895164942369,"a"
0.406120048831107,-0.912993716950245,0.575109166558832,"e"
0.78986109756608,-0.24350217087982,0.264747513458133,"d"
-1.03739466145802,-0.258293412374913,0.731165193021297,"f"
-0.704269847859376,-0.168217820160739,0.868839964736253,"a"
0.2923697009076,0.130814515720597,0.775899151805788,"f"
1.72835970754676,2.77821487481812,0.789773736614734,"d"
-0.217701651736776,-2.08175760533292,0.831813690485433,"f"
2.09161404247276,0.942544399274287,0.380526871187612,"a"
0.129781770955482,-0.866692432625469,0.570481679867953,"f"
0.251000102063842,1.24708302503508,0.118514629779384,"e"
0.678028993022656,1.1743695438963,0.0815393887460232,"b"
-2.62370081151419,-0.549891730291914,0.906382273882627,"b"
0.258533751114914,2.75952050261855,0.103523493045941,"a"
0.442382435859208,2.35444613475374,0.44094114121981,"f"
0.769366121821193,1.2340692845013,0.396204046206549,"c"
0.137173751454674,1.56954544122307,0.57645300286822,"e"
0.258193378374901,1.96188673191839,0.622708974871784,"a"
0.736427239345626,-0.626714219620646,0.812972482061014,"c"
0.758564937394763,0.917677942001116,0.234562266385183,"a"
0.00469718366737704,1.98244012363329,0.500567976385355,"f"
0.453822617473614,1.42497154435088,0.298176303040236,"f"
0.425624503917263,-0.945613147655545,0.336998140672222,"e"
-0.784638239682283,0.0196215209031917,0.0456111740786582,"f"
-0.528318771261333,0.719850215222387,0.879350867355242,"a"
-0.0546111064837963,1.74558003658521,0.75525434454903,"d"
-0.680020125754362,1.5014913332654,0.435760284075513,"b"
-1.43177387301085,-0.0807853617953696,0.00485761929303408,"c"
2.63429612371614,0.319008317389173,0.378535635769367,"a"
-0.21819391139407,3.14304742929665,0.482483163010329,"e"
0.98417284434291,0.375511977987264,0.766280898358673,"b"
0.306217620862499,2.33988446532193,0.250444419914857,"e"
0.493484622320528,1.77388427310459,0.76604389725253,"f"
-1.01547168027922,0.925157298741377,0.428922734688967,"d"
-0.916435784591656,1.31352900905197,0.90967705170624,"a"
-1.9102120470144,0.342762851061211,0.714157162001356,"d"
1.10926918766543,1.24635724412191,0.473579430719838,"a"
1.22083287115034,-0.303875201256236,0.651328735752031,"e"
-0.823743552524711,2.78609097177674,0.367142338072881,"b"
-0.0947051317481277,-2.77907518752498,0.424129072809592,"c"
0.126783128051823,0.0664525382133068,0.179750439478084,"e"
-1.23827636535638,0.248467486397694,0.441620920551941,"b"
-0.198364154349347,0.847742370369568,0.714760858099908,"d"
0.336390174126543,1.92008501938052,0.387278259498999,"a"
-0.918774569791009,-0.234965147174903,0.0108723843004555,"b"
1.97220342513537,2.28227632554201,0.197101520607248,"d"
-1.64860451856217,-1.01012743968761,0.246722029289231,"c"
-0.977739946960807,-0.47536071219541,0.290984360966831,"b"
-0.987154835797174,1.63920752137275,0.871332433773205,"e"
0.958272709268235,-0.100882098399915,0.966198703739792,"b"
0.972680931839386,0.160354333376034,0.600632608635351,"f"
1.64208608941393,0.28313107867486,0.824346466455609,"c"
-1.51144552750912,2.86408169541609,0.957729609683156,"b"
0.785668977396684,0.291970553758752,0.0964153010863811,"a"
-0.574991296442205,0.103816277578997,0.408840283984318,"d"
0.722895548618262,1.03725555449886,0.456505529815331,"f"
-0.75660950163673,0.827863788315572,0.326169437263161,"c"
-1.05104154293488,0.671197925865724,0.567063234280795,"a"
-1.34131474474696,-0.332033982787365,0.770288645522669,"f"
-0.319328264837943,-0.621521043030765,0.225728672929108,"c"
0.36211384144593,-0.256938548141782,0.0221075881272554,"b"
1.3426094513378,-1.5037254890284,0.326949541689828,"d"
0.594919381746411,-0.619982019395097,0.797171804821119,"f"
0.143967924742907,2.31107210963028,0.313050902215764,"e"
-0.721462836000243,0.757978434052136,0.896736110094935,"a"
0.302470445431847,-0.450703503519425,0.668127089506015,"f"
0.809495378408249,3.0164285726166,0.416761832311749,"b"
0.0584851886696074,1.07509058472023,0.203853791579604,"b"
0.391337882355375,0.337479289069171,0.218594843288884,"b"
0.843188496646703,-2.19294643555031,0.923596221255139,"e"
0.158844470194451,-1.0521709314738,0.951676010154188,"f"
-0.571881202926435,1.30882837266427,0.880346588557586,"c"
-1.19915839299341,0.464953367342813,0.121441401075572,"c"
-0.702849787235324,-0.353818341078746,0.312662580283359,"b"
0.0820206273286194,1.27769241857343,0.898952041519806,"a"
0.903499676648727,1.95832215174426,0.697490428108722,"c"
0.452262843984336,0.735336597550902,0.986250593559816,"e"
0.571781195408738,2.20549250284258,0.205101260915399,"f"
-0.786298793718,-1.00844380704427,0.834109208080918,"f"
0.00413754219422135,2.29805083461228,0.215975076658651,"e"
0.383138738465394,0.508234226924608,0.854289285605773,"f"
-1.43665653963226,0.573821148202361,0.812466518953443,"e"
-0.943087766012558,0.0869416624003595,0.727811551187187,"a"
-0.484106740991003,1.22322394672599,0.877324857749045,"e"
-0.0819633755503459,-0.857753460434508,0.318743239622563,"f"
-0.0807382364825409,-0.114666400218692,0.816573209362105,"e"
-0.0458016456874517,-1.10907459315628,0.158598744077608,"c"
-0.367969243450282,1.4839567181284,0.65564131969586,"a"
-0.52953875925413,0.681750927973719,0.104091530200094,"a"
0.230945713160759,0.523451751516082,0.561367864022031,"c"
-0.547699346261042,2.10195060016141,0.53499485575594,"b"
1.43659495329767,0.585130264413004,0.621832025470212,"b"
-1.39391429821655,-0.115611694121975,0.510326163843274,"a"
-0.355336920345811,1.68648923837119,0.540165852522478,"b"
-0.720473118219272,0.475598406499608,0.950435904320329,"c"
-0.792843052812901,-1.47029983529996,0.487928512971848,"e"
-0.617190327385785,1.79971884137552,0.275468603940681,"d"
-0.207648414766723,0.40634869800071,0.180406262632459,"f"
0.30451127241228,1.5807786518046,0.899078876711428,"e"
-1.754587694528,-0.254369686188448,0.0993665473069996,"c"
0.276222885232624,-0.898235920503577,0.0985749820247293,"b"
1.80388644396153,0.510927999759971,0.394170629326254,"f"
-0.247735714726631,-1.10840842871261,0.283566306810826,"a"
2.25383789645275,2.57428901725181,0.815119400620461,"e"
-0.337031546896039,1.55534066778901,0.663165800506249,"b"
0.87345228991856,1.22783689462891,0.267873965669423,"f"
0.80973447941927,-0.839915388402657,0.485218899790198,"c"
-0.382087966478132,0.779506133456541,0.595063161570579,"f"
-0.737059486536835,-0.44444177866425,0.863435797626153,"a"
0.819918328688569,0.482950332082643,0.710400270763785,"c"
1.13091175086507,1.01177005717166,0.0608991479966789,"f"
0.3505660894438,0.0798106997124347,0.972946063848212,"c"
0.135655157432262,0.336860939266958,0.91287666419521,"c"
-1.15233301986726,0.267368975514962,0.5491988430731,"e"
-1.09733474309787,1.61757934196996,0.177207117434591,"c"
1.13367969768221,0.690464306629466,0.385085096117109,"e"
-0.883290147416056,-0.14001493154214,0.797813011100516,"e"
1.06387719207164,0.754320427598578,0.684300922555849,"f"
0.498677567371966,-0.388021767855505,0.375813527964056,"f"
0.800477613260704,1.19975629645482,0.529876936925575,"e"
-0.285951995749567,-0.419507062430644,0.553482237039134,"f"
0.351971960855754,-0.48714280177322,0.986915543209761,"d"
0.187874410774778,0.592677577534252,0.749164827400818,"e"
1.51132129581403,1.03733530021075,0.728491084650159,"d"
-1.06682202625083,-0.372132392751041,0.800949501339346,"b"
0.584628015540228,0.717897757807061,0.491172183537856,"b"
-0.82418251290665,1.12558945843002,0.099498859141022,"d"
-0.109258714326542,0.857223351590628,0.111134543316439,"e"
0.363829851692739,1.09332086980142,0.0995533352252096,"a"
0.37934154875764,0.662769928641355,0.235684994375333,"c"
0.413726206736858,0.901348172054443,0.520967233926058,"e"
1.06946063712083,0.689734182908148,0.446807216620073,"e"
1.1141657020797,3.55940422940019,0.446900131180882,"c"
-0.224826163604231,0.419986933247878,0.3526814840734,"b"
-0.743276315523558,1.0843349803065,0.20854732953012,"f"
1.45010704270519,1.91853267096868,0.321578472619876,"e"
-0.624288065987536,-1.34846470511816,0.177753549534827,"a"
-1.18586233600579,0.431244433737332,0.724421739345416,"d"
-0.323598711197034,0.833718005240876,0.46574035519734,"f"
-1.31856664883974,1.35958520551179,0.814080876065418,"c"
1.26745261793168,1.95222727016977,0.502565288217738,"b"
0.35734688204977,-0.595775044908615,0.79153611860238,"a"
1.15250623934251,0.899129045112049,0.647277290700004,"e"
-0.65017944348471,-2.37695223619101,0.164361271075904,"a"
-0.517718043850476,-0.388605548875954,0.0473360277246684,"d"
0.869039778277769,1.88175953644049,0.866853131214157,"c"
-0.359064199962799,-0.546826933668034,0.627939334139228,"d"
-0.330966636960376,0.713478026819351,0.9911989280954,"c"
-1.12252247858853,0.711778320322583,0.441767710493878,"c"
0.522905636187419,2.02897300093069,0.340056781889871,"f"
2.20276718726863,1.10142083684136,0.102014387026429,"f"
-0.469968160022183,0.453773976098943,0.860194214852527,"f"
-2.48515993926993,-0.484222477368353,0.346891504712403,"a"
-0.40772173179618,-0.803107471675819,0.509760099928826,"f"
0.883017383501513,0.501502948694804,0.881100787082687,"d"
-0.125426113793007,0.121341810651099,0.603235496440902,"b"
-0.0832439844507829,2.15783447889523,0.35699352202937,"b"
-0.00342844133688553,1.94203234632735,0.199976014439017,"d"
1.16149951350879,0.786672885339706,0.325689793564379,"f"
-0.145200759056955,0.484076424336649,0.223043999169022,"b"
0.956367622581203,1.19607075458923,0.732866744510829,"e"
-1.50117937663264,-0.428668330440368,0.155462109250948,"a"
-2.31275595160181,0.503630795604728,0.761335183400661,"d"
-0.499259815844741,2.33878527235554,0.31424489733763,"d"
0.412475168503217,1.9762872109753,0.173412553034723,"f"
-0.138673242793006,0.92506209968191,0.359091264894232,"a"
1.20701332693692,0.840485181244837,0.285049621015787,"e"
0.131459236148364,1.22275448923585,0.814368838444352,"f"
1.71059453397376,2.00103930626472,0.342889820691198,"c"
-0.333357342775978,0.503912387772222,0.923900894355029,"b"
-1.22632127847289,-0.728272090615098,0.696509315865114,"c"
0.739663612068389,-0.671543614236806,0.520699851214886,"d"
0.280175775082151,1.2689343536485,0.51471237000078,"f"
-1.66258230338482,-3.21659040852077,0.299440073780715,"d"
-0.544876082839956,2.09119692838726,0.179449159651995,"b"
0.818316899435115,0.00960203938268045,0.94277946674265,"c"
-0.10447867097952,0.678120656223064,0.160568992141634,"d"
1.22069821404379,1.49467166152583,0.458945888327435,"a"
-1.15721598166162,-0.888787063461035,0.473974210442975,"b"
2.25777207977441,1.94729955067008,0.140345469117165,"e"
0.410070416362764,-1.18922063988975,0.547691896790639,"d"
-1.48328749211004,-0.596719784641524,0.156486407155171,"f"
-0.848406576023921,2.32758798120229,0.0381592465564609,"c"
0.00750227673693542,0.945997392377432,0.870810828870162,"b"
0.189618898463962,-0.635325298311336,0.246744113508612,"f"
-0.583995813640004,-1.01158252529076,0.73197323968634,"f"
0.852817057829116,-0.539366084650203,0.997362789697945,"e"
-1.3438495480368,-0.993371717269135,0.00647825351916254,"e"
1.28313847229006,2.15755725222533,0.52388307871297,"b"
-0.565888578297712,-0.499367252032468,0.711718315025792,"b"
0.951478537959779,0.483773159893418,0.789359284564853,"c"
-0.881429625311991,-0.44561166389852,0.0831529062706977,"b"
-1.23119248752458,0.525204216580244,0.60600494267419,"c"
1.45432593175322,1.31133985112529,0.598835595650598,"e"
1.58045682273883,0.741177618699929,0.404198102885857,"e"
-0.15615765068623,-0.0936935322465507,0.203342825872824,"b"
1.25681614399373,0.702682178933396,0.0624361939262599,"c"
-0.2362138336412,0.912145232365939,0.12272539222613,"c"
0.291769199109376,1.13078489022861,0.182988522341475,"b"
-0.782352852633155,0.161329220701506,0.97842151299119,"c"
-0.710195643062525,1.01351788120564,0.535560046555474,"e"
-0.134128238252799,-0.70028391081209,0.636423997813836,"b"
-0.328592565650411,0.258414408686048,0.830889486242086,"f"
0.519645575900064,0.29013966629487,0.756843928713351,"f"
0.465132871539884,0.542311167356452,0.482716013444588,"b"
-0.271452596375682,-0.478105565686786,0.709868830163032,"d"
-1.45200956575298,-1.19052900989328,0.507019093493,"b"
-0.488121896336636,0.658129585765083,0.432174940826371,"b"
-0.541191741469982,-0.426909700976133,0.811500953044742,"f"
-0.127464354544321,-0.26289388355056,0.644186202669516,"f"
-0.017940374244946,-1.26970659349486,0.130094881169498,"f"
-1.82348088378452,1.44705885455431,0.75420915032737,"f"
0.305824275283755,1.67095437311707,0.598274894058704,"f"
1.18050907726992,0.730427108954567,0.0705759047996253,"f"
0.225277816216828,1.68937346451711,0.961556487949565,"a"
-0.57080026826299,-1.80630019808302,0.0127780521288514,"f"
1.0658944942651,1.620884868076,0.399818278383464,"a"
0.0428266315099786,2.07937223803444,0.3829773562029,"c"
0.842445987941326,0.306360771980194,0.834798733703792,"e"
1.55660967668322,0.817456236956134,0.152062759967521,"a"
1.52792290062653,0.953248566168805,0.56622999929823,"e"
-1.59052465093305,2.61664492713529,0.978249366628006,"a"
-0.310076646138095,1.22318491973511,0.559621874941513,"c"
-0.363096095391621,0.818252345606388,0.701075987191871,"e"
0.524032757052944,1.27097745177861,0.0958983385935426,"b"
0.530998616903476,-0.255843414046834,0.388480812544003,"f"
2.33662420823857,1.69613681364648,0.0381431903224438,"f"
1.09804003114829,2.64956723257747,0.265528646530584,"a"
0.692257923162302,-0.946036953090226,0.720208916114643,"b"
0.720888359909684,1.78337212964858,0.915322557557374,"c"
-0.0328196930061124,0.51392118575342,0.753282450139523,"c"
-0.650626937307698,-0.741205319796133,0.905954526737332,"f"
-0.437961782606998,0.879199789011806,0.297612788388506,"a"
-0.582451033904716,-0.307329064492099,0.892954749520868,"a"
-2.62222351762333,-0.0440066503424033,0.579142861068249,"e"
-0.212740929316405,1.1150308621408,0.632746357470751,"b"
-0.290751947707965,1.0838628256237,0.418963586445898,"e"
1.28543493430631,2.92073023906337,0.597304185852408,"f"
-0.518712659308186,0.174043542989234,0.615908883744851,"a"
-0.809999839652522,-0.393829304245491,0.710853918921202,"c"
0.794073342345668,0.734916520544407,0.973668432794511,"e"
2.02402326862337,2.17641535221085,0.854509527795017,"c"
0.182804871676756,1.92897565959606,0.148170857457444,"c"
-1.46432770928553,0.0758537401332031,0.121884021908045,"a"
1.71083544107161,-0.252595084141125,0.994857673766091,"e"
-0.317561954459142,0.628045262755659,0.50083293649368,"f"
0.169125759940958,1.16734552069223,0.0947739959228784,"a"
-1.29610759593504,-1.95598091008108,0.334093532292172,"d"
0.0684141746808157,-0.313985839023823,0.673767023487017,"d"
-0.244508760538201,0.220813635131495,0.617730873636901,"c"
-0.0655579655924901,0.39559756289079,0.579490686766803,"d"
1.03286007668739,0.233707621774561,0.972274496685714,"d"
0.31044969760194,-0.0963814523389143,0.186025717994198,"e"
0.706971356507439,2.00753720136174,0.242772297468036,"d"
0.647736153159915,-0.927690641327027,0.143980818334967,"f"
-0.698689675939207,-2.8838691837267,0.850760486209765,"b"
1.44044952504715,0.956054662484761,0.559146327665076,"f"
1.06599060868743,0.34906003049347,0.144529514014721,"f"
1.54974569886747,-0.117205028595085,0.357197444187477,"e"
-0.908608509739508,0.488739103797409,0.309551751241088,"b"
0.561375066069563,1.98961831118883,0.373049208661541,"e"
-0.102696772575912,0.633447220048426,0.0978914308361709,"a"
0.839329324541953,1.71189626145554,0.527628934243694,"c"
0.81556933475374,0.889451528290603,0.620224330807105,"b"
-0.926728365492202,-1.19069862217864,0.129016409860924,"d"
1.89866719147315,1.76122098898471,0.115688727004454,"c"
-1.4883239912246,0.0944573406429973,0.201638154685497,"e"
-0.882177368444236,-2.15694861901383,0.235342926345766,"b"
-0.151712774657986,0.136790549843191,0.717362098861486,"c"
-1.80590498476794,0.0845266047585769,0.338336937827989,"a"
0.880262089181996,1.73242102219425,0.896179659292102,"c"
-2.09616491452043,-0.474665699264736,0.739214914152399,"f"
0.663605628250716,0.12900872856,0.0197240649722517,"e"
-0.662863323726638,-0.18340205161051,0.796965100802481,"e"
-0.0809734963242324,1.4883637884567,0.735137830488384,"e"
-0.662241919846977,0.500330666860927,0.980310421902686,"b"
-0.798469301847018,-0.0012481135830883,0.347618185682222,"a"
0.362234650129945,1.36168430833987,0.492665952071548,"e"
-0.902565830253608,1.06364409363096,0.187172394944355,"d"
0.0969546790238614,1.24149675493035,0.463494326453656,"d"
0.171405200442612,0.606273026265777,0.491694989381358,"a"
-2.06504612715526,-0.560859648559802,0.317625158233568,"b"
0.784369724010548,-0.989762075860607,0.155412466498092,"a"
-0.860951697642561,0.401217996877098,0.428505648626015,"e"
0.279276282994333,0.892481913856015,0.0209835267160088,"c"
-0.287966119219762,-0.165499922249138,0.651249571237713,"c"
0.548972166469135,0.713265469408305,0.668701907619834,"c"
0.321896303988193,3.37101423276843,0.00507014081813395,"d"
-0.395561526943073,1.76746060278264,0.797746495809406,"f"
0.826712453434477,0.248553176437595,0.747340627014637,"e"
-0.216104618339018,1.74524884234884,0.507595622213557,"f"
-0.0918152063864714,0.647072257206423,0.617997944820672,"f"
-0.562305500876156,-1.14396367454498,0.0316404304467142,"c"
-0.437488936948071,1.31937210348126,0.848259690916166,"a"
0.450088290057288,-0.743523025518159,0.00615715351887047,"a"
1.18017835947488,-0.0811696408651601,0.40468458738178,"a"
0.681689316189097,0.302396896481811,0.75515371770598,"d"
2.23499626100158,2.59735440897451,0.917620582040399,"a"
0.313547914606628,1.27199505508024,0.752463527722284,"e"
-0.40186731257229,-1.07266530504082,0.425722735701129,"b"
0.988602127940154,0.684641756832879,0.870379571570083,"e"
0.891156341271161,0.538860272762118,0.26169217005372,"a"
0.497792070680994,-1.42350078184802,0.86771795200184,"c"
0.462906498782373,-0.143896427383693,0.385409874143079,"d"
-0.707146007088554,-1.34952629074703,0.0428859379608184,"a"
-0.567042646631629,1.07940888855722,0.481498357607052,"f"
-0.553104078028345,1.13615769062258,0.792268730234355,"f"
-0.582270243277914,-0.276536005580722,0.580341278109699,"e"
-0.0588069621676867,0.759035159339311,0.989794749533758,"b"
-0.0763023824410185,0.0320339519761938,0.613021399127319,"d"
0.645132881535074,0.679998014474278,0.399276014184579,"a"
-0.810481752875731,0.103915176567809,0.185210388386622,"f"
-0.276852441660124,-0.854980760058073,0.964967098785564,"f"
0.075269878192073,2.10367257853159,0.640652840724215,"e"
0.838481948516346,-0.721446200666789,0.895713322795928,"d"
1.40330715589863,0.590563853040035,0.897233034251258,"d"
0.481074846933417,-1.10071335692036,0.093339444603771,"c"
0.726820623322357,0.917133123593746,0.575953252380714,"e"
0.35019339227026,1.99254397688955,0.842647201381624,"a"
-0.287692529975817,1.88868727696266,0.75539517425932,"a"
-0.937108212686888,1.30197020082685,0.12579125422053,"b"
0.260930542405956,0.307309374396397,0.490042612655088,"b"
0.838018265204854,-0.838226373434293,0.825262419646606,"e"
-0.653566540425353,0.317859534734178,0.348559762351215,"f"
0.953201424182291,-0.683559786207655,0.479978978633881,"d"
0.705399487649666,-0.193458319954308,0.363383635412902,"d"
-0.198630288974375,-0.671887395941796,0.981708647450432,"b"
-0.540845185467765,1.01365001723511,0.394186408957466,"a"
0.28352989349753,1.52297638990839,0.502583369845524,"d"
-0.189117067558156,-0.438957141252243,0.498948579188436,"b"
2.38269831779847,-0.854819730384354,0.804041790775955,"c"
-0.201385311225464,0.402994915993356,0.472316262545064,"f"
0.688372351843397,-1.44700160830159,0.586970050353557,"d"
0.0383030996968856,0.311642595790207,0.121355006005615,"c"
0.414917631298518,1.72443967109666,0.0550387622788548,"a"
-0.118600562217628,-0.497713563684121,0.847185107879341,"d"
0.208502536710546,0.993031944121065,0.568580946885049,"c"
1.41577180515624,-1.55671464848078,0.57789087924175,"e"
0.289332960287118,-0.982412498032312,0.389938002685085,"a"
-2.67797082903219,-1.25437761213886,0.405975018860772,"a"
0.0767636451429343,0.127022330486135,0.209760106401518,"a"
0.100966861270786,0.773561762583282,0.0936198432464153,"b"
1.05642516921722,1.31107603747421,0.29000876750797,"c"
0.166344519482279,1.8761031538717,0.527803204953671,"b"
0.51241884692116,2.48341160214212,0.502447737613693,"a"
-0.15395733899297,-1.57648342236338,0.0155575950630009,"a"
-1.9939599820861,-2.20854102524629,0.326369620859623,"e"
-0.643406720533469,-1.17870230382683,0.399025192251429,"f"
1.60063802617041,-0.0583046989390468,0.425723439315334,"b"
1.99016757202805,-0.00264712453636617,0.747121118474752,"b"
-1.02219161835029,0.990698340784261,0.237743051256984,"a"
0.382341546120046,0.624942261796405,0.416638020193204,"e"
-1.34084534878857,0.0323731296705684,0.878889416810125,"d"
-1.29771939569559,-0.338960297671105,0.558036900125444,"d"
-1.18169536639107,0.201941972103549,0.096422498812899,"e"
-0.092912517835183,0.378132510384639,0.438785927603021,"e"
1.53530141884469,-0.640101438070093,0.874404354719445,"e"
-0.48434505592303,-0.669104185987262,0.288931765127927,"d"
0.814029239871848,-1.55771872930246,0.464364449959248,"f"
0.896067893414614,3.31273146421044,0.141077555250376,"b"
0.133182095341079,1.62644009444492,0.0615001325495541,"d"
-0.00923544584517291,-0.99225517839357,0.649380411254242,"f"
0.210491370938057,1.178257074884,0.899964135140181,"a"
1.8189542257564,2.93771371359398,0.226112195989117,"a"
1.36053166803866,2.30606803759523,0.772312988061458,"f"
-0.969954103820239,-0.955539529357233,0.732801662990823,"a"
-0.205021360802501,0.389794345217037,0.572769254911691,"f"
0.217709665988324,-0.332009146453534,0.465700750704855,"e"
0.521005775120955,0.450192206235442,0.00163771817460656,"a"
-0.0592765963355065,0.441943549818305,0.134368533734232,"e"
-0.301973783967878,0.0884484744524185,0.117311728186905,"f"
0.0735384909801345,-0.765785113217058,0.699054639553651,"e"
2.0431688578703,2.74554198942578,0.0907231620512903,"e"
-0.637004187296257,0.260049509741121,0.641297961119562,"e"
-1.89449041015632,-0.233890676468435,0.433533364674076,"a"
-0.809471560347734,0.747073561415963,0.766206585103646,"f"
-0.0968225959782339,0.457231710372346,0.853658664738759,"f"
-1.00404548910021,0.909343864710412,0.257702370174229,"e"
-0.430092653674498,2.64002651822076,0.069620956433937,"f"
0.431415240281361,1.22181574647202,0.772613122593611,"a"
0.991198151906976,2.40767815897062,0.874681919580325,"e"
-1.87980023371868,-0.433529379299801,0.730741512961686,"a"
2.03796208631337,0.393404247344858,0.331170368939638,"a"
-1.6079523578511,-0.49225576608315,0.711309963604435,"a"
-1.61809044301864,-0.93174342052185,0.573020729003474,"d"
0.328657202159623,0.863250302261689,0.676017860416323,"c"
0.783591618811861,1.51153622696797,0.276904141297564,"f"
1.4870938116995,0.813145492086876,0.195139704970643,"c"
0.304398712265458,1.18245361015514,0.949892404256389,"f"
0.556438335939239,1.03428644326586,0.84554290981032,"e"
0.572935315535505,0.793004522990752,0.336857641348615,"a"
-0.536511273783978,0.480227330516837,0.458551918854937,"f"
0.100893867164574,0.96116956129824,0.0454977008048445,"d"
1.34737404030282,1.31462569557748,0.790382539853454,"d"
-0.679291385618996,0.101327380128681,0.5711391675286,"c"
0.460685495111273,-0.717822078326175,0.610398857621476,"f"
-0.535878128371084,0.420537566980927,0.994267576839775,"a"
-0.146581956122213,0.0809439246019143,0.645123698282987,"c"
2.04704278245318,1.99425456827991,0.140507955569774,"b"
-0.782435307425895,-0.0906050445463894,0.99816050613299,"a"
-1.11692737235091,1.44465260260976,0.949836642947048,"a"
0.125263665294194,0.412039160399283,0.726355962222442,"c"
-0.51585270354274,0.654424167875816,0.919776128139347,"c"
1.47516920888185,1.50396959547907,0.58148103300482,"d"
-0.205035078356431,-0.0346196386105464,0.969980552094057,"a"
-0.351971935020659,0.945011757386758,0.369782048743218,"a"
-0.583487778683052,0.0338194056545471,0.0157576659694314,"c"
1.25063518925807,1.02963833687083,0.684908654075116,"e"
-1.05444679985037,-1.07742174853872,0.33378331689164,"f"
-0.771104070482734,-0.341299556834269,0.049666995415464,"b"
0.403224226069224,0.581086229457468,0.118029870092869,"d"
-1.05895356482954,-0.127162051719514,0.985107993707061,"f"
-0.0937382910872729,1.1319530153432,0.843827981268987,"b"
-1.35033035945077,1.0373723684158,0.53981928806752,"d"
-2.24286608556054,-0.444889559768123,0.382966239005327,"c"
0.763144236563238,-0.301570596278565,0.790745668346062,"e"
-0.91899731609074,-0.587609631689688,0.197851947974414,"e"
-0.801179931279613,2.09245882859325,0.391520814737305,"c"
0.846146884181265,2.24048121248845,0.697123367339373,"e"
-0.302806510204076,1.00284149388132,0.853374315192923,"e"
-0.439324019939055,0.707841270629624,0.710366858635098,"b"
-0.263470522532547,-0.156562082278002,0.794464899459854,"b"
0.903050229446195,0.595698454441958,0.871463371207938,"c"
-2.04715170999991,0.542675674608833,0.97429973166436,"e"
0.163145924697436,1.09418800592466,0.226345880422741,"b"
-0.146555532458617,0.40614380105439,0.888773044105619,"d"
-0.63973070616101,0.126401389416795,0.259312364272773,"c"
-1.34933758380343,-0.164101614866572,0.86455242917873,"b"
-1.42240008831727,0.553648525261795,0.036550726974383,"a"
0.95610504267653,0.398319902352903,0.0789134015794843,"c"
-0.472973610545936,-0.164740088996479,0.748685831669718,"e"
-0.940025480658609,-0.105442671015496,0.3458896598313,"b"
-0.207904468702206,0.757020134468663,0.555316655198112,"f"
-1.09376390891529,-0.890500689209018,0.867222966626287,"f"
0.926569515039514,1.39408342964192,0.669020855799317,"b"
0.856366611861977,0.116092166467452,0.295567502267659,"b"
0.848209581939857,0.504516451386048,0.549110495019704,"a"
-0.336290181624061,0.625960136144848,0.905498452484608,"a"
0.336784703683648,1.9430010760254,0.351203495403752,"d"
-0.6375169449548,0.370874749063917,0.0748276587110013,"e"
-0.622218053435408,1.06054763236965,0.1353841915261,"f"
0.534159752154143,0.224705825736044,0.661486648023129,"d"
1.34793028896008,1.17343247078126,0.100876466371119,"b"
0.255905706029859,0.232472050907852,0.850552611984313,"e"
1.31716841866194,-0.353651813684541,0.0346780235413462,"a"
-0.155973796849006,-0.104775920504139,0.570156096015126,"c"
0.779067226938095,1.25373920908078,0.176219541579485,"c"
0.327182678566351,0.42973135037791,0.433193650795147,"e"
-0.219331596611755,1.06481006695181,0.981789978919551,"c"
-1.0321800872472,0.14905163694403,0.445538310101256,"d"
1.00430452996232,-0.01798459862852,0.418875688221306,"b"
-0.176142252002278,0.48921355508494,0.976601413451135,"a"
-0.847020378965031,-0.584679140397114,0.487324676243588,"a"
-1.40805795199546,-0.163545570028415,0.403310946887359,"d"
0.19437147777357,0.444198863737733,0.00256088422611356,"e"
0.154844242780591,0.481095942952472,0.602461410453543,"d"
-0.235015972872478,0.622466448409146,0.400856676744297,"e"
1.10910715377295,1.11039444625292,0.381744314683601,"e"
0.707198637735559,0.482980616267599,0.623312323819846,"c"
2.26387117169461,0.551030322082052,0.192733055446297,"b"
-0.68083833216917,1.17757921607452,0.374312527244911,"c"
-0.109340289333613,-0.728445635241388,0.208576700417325,"b"
0.149505311528497,0.236389909014809,0.352038028649986,"a"
0.0294458584946876,-0.437017848011902,0.346492224838585,"d"
-1.02117974020957,1.13362677288505,0.745648772921413,"e"
-0.823991787051094,1.41506536770576,0.218791778897867,"d"
-0.145742843675429,1.44261869943541,0.399713275488466,"f"
-0.625894111371248,1.01949833788001,0.201037527993321,"d"
0.235656279493349,0.323297861667618,0.359381104586646,"b"
-1.0599133259807,0.23431304191724,0.474442930426449,"c"
-0.511318950924029,-0.249577760905272,0.0152575336396694,"a"
0.662223338889966,2.31521642049582,0.999449854716659,"f"
-0.332932638450886,1.09975873472492,0.774100978858769,"a"
-0.488127356522083,-0.182891564521884,0.428610737202689,"a"
0.360517688753024,0.946215158317907,0.445301500149071,"b"
-0.161145707371477,-0.870286848417401,0.165689685149118,"b"
0.0344550239591874,-0.495653420648765,0.534640552708879,"a"
-0.574736292971579,2.01172603623415,0.0688178348354995,"d"
-1.14141795630806,0.416082656625663,0.33523794519715,"f"
0.143271922195474,3.0929107259971,0.241865274729207,"b"
-1.3616127934458,1.66542994303137,0.675613574450836,"e"
-1.49617918983951,-0.283618684058885,0.701652273768559,"e"
-0.230769918092788,0.82671785873702,0.522178168175742,"c"
1.43971375798481,0.761628442492127,0.983758581336588,"c"
1.61768861878162,1.12169918078417,0.819160265382379,"e"
-0.0425263944601751,-0.310201072243615,0.792856491403654,"b"
-0.943432536705494,2.13380514674102,0.672867384273559,"d"
-0.864779918143738,-0.419053848189866,0.3838546553161,"c"
0.30968907483923,0.00548792876717952,0.734704327769578,"b"
-0.892025509561411,0.0225804992099828,0.0433749523945153,"b"
-0.0739668515869838,1.77947010557204,0.490025618346408,"d"
-0.0381899628825466,0.740885692109315,0.417631791671738,"b"
0.717274622084728,1.78988650093053,0.600962552940473,"c"
0.662821522989178,0.0279004786187703,0.351929092081264,"a"
-0.436029522095417,0.0341820719623377,0.412043462740257,"a"
1.42541508316586,-1.16631213335987,0.755234936019406,"a"
1.14573690791093,0.0851818501232844,0.225982833188027,"e"
1.20010072774911,1.18714000640277,0.142119098687544,"c"
-0.447660295455045,0.863190324182946,0.625192559324205,"f"
1.28744375380757,0.99488918052565,0.27716175490059,"f"
0.395788313359198,-0.102025270721325,0.465553453192115,"e"
0.664099801986768,1.34395655808754,0.537754053948447,"e"
0.208876282396502,0.610699379930488,0.0089506811928004,"c"
-0.184104147656043,-1.21379074604957,0.227658236166462,"c"
-2.28995988791082,0.209258254779328,0.724199420772493,"f"
-1.23937907753091,0.573112415634292,0.0247764925006777,"d"
-0.710079138516634,0.553642412702331,0.984406198840588,"d"
1.47046549714201,0.600740689531177,0.0983883384615183,"f"
-0.754613196241267,0.664971300296605,0.388521979330108,"b"
-0.0510974923207476,-1.16807386919512,0.728130285395309,"d"
0.506661720056408,0.208388397119954,0.742636108770967,"b"
0.60456599965486,0.109864088689783,0.360166559694335,"f"
1.14472517591286,1.69981125712572,0.38194811437279,"c"
1.14071077323267,0.878184786860276,0.935139482840896,"a"
-0.18992632839134,0.778949448304995,0.946229498134926,"c"
-0.895883666947711,0.153704885474985,0.477149068843573,"d"
-2.19279808933269,-1.61888153410088,0.310751209501177,"f"
0.284675288809664,2.40935793413522,0.690120242768899,"c"
1.18574021522335,2.48557331536598,0.189867662498727,"c"
1.18723086461745,0.886855128145454,0.193247854942456,"a"
0.0142663683961758,1.04079294276595,0.894665081519634,"d"
-1.05663491055034,-0.827613810103508,0.00327781843952835,"a"
-0.811113058672487,-0.711546055301165,0.207557143643498,"c"
-0.338732139429883,0.464687884733624,0.849805938312784,"f"
-0.737809455028736,1.0649245175633,0.094300081487745,"b"
-0.705759646305632,-0.762349255259119,0.968823615694419,"e"
-1.05598197550958,-0.144059533952838,0.921526717487723,"c"
0.483218530889298,-0.684076918710198,0.293391380691901,"a"
-0.955074833064839,0.109145658354896,0.464620897779241,"d"
-1.57034902199735,-0.979387338560427,0.297112404601648,"e"
0.1941117167131,1.83059004551423,0.725235304329544,"a"
-0.440286983800547,-1.78214835472933,0.603003339841962,"b"
1.7122446760272,0.761516031414406,0.0151760766748339,"a"
-1.62232272900352,-1.19482356972514,0.090457362588495,"c"
0.0659242224998335,0.331371828563648,0.811908073956147,"c"
-0.0858654050311324,-0.932376735674838,0.741846014978364,"d"
-1.15937229523655,-1.3802068838761,0.0363261685706675,"c"
-0.0408363022766001,0.74241600342123,0.514509218744934,"d"
1.96903804674296,3.01186574372552,0.137548064347357,"c"
-0.772703528886447,-0.848109803217312,0.925698299659416,"b"
0.289637145008971,0.672898488633024,0.477262708591297,"b"
-0.350493402305593,0.956352027198434,0.328981501050293,"e"
-0.544698814322946,0.299665681645039,0.838319629896432,"b"
-1.37411069742023,0.852316133093175,0.293448424898088,"c"
-1.69655973307742,0.686116350776625,0.627787694800645,"d"
1.16782546867862,0.579155083901334,0.127560650696978,"d"
0.189968550313222,2.49206235056134,0.622266007587314,"f"
0.577320728279539,2.94235141642133,0.301195573294535,"a"
1.80102909141489,0.649338653056157,0.502197788795456,"e"
-0.0908343568381396,3.10369859171193,0.975768206873909,"b"
0.147419635088469,-0.00602293697336287,0.404566737124696,"a"
-0.292508375708646,1.25607122857076,0.534846611553803,"d"
0.112188991290081,0.977949006380781,0.138027734356001,"c"
0.385463666076697,-0.1226020464825,0.611023179255426,"f"
1.44484054816823,0.765227931534993,0.263511357596144,"e"
0.372949845570093,0.130503900287626,0.803820299915969,"f"
-0.806080079039849,0.933232797104092,0.599165321094915,"d"
-0.348152145202637,-0.416089422380026,0.268023675074801,"a"
0.162107824561445,-0.10567600190942,0.13264919212088,"e"
1.29886573841722,1.95028217656012,0.193739301292226,"c"
-0.605627208623314,-0.215497035379778,0.50433770311065,"a"
-1.00167104526463,-1.06835197298399,0.476829267805442,"c"
0.258009867555037,-0.945378371556092,0.215005266247317,"a"
1.54860301990606,0.943534687175214,0.167697296477854,"d"
0.272811734700532,1.18330388366449,0.325480898376554,"d"
0.718313307065227,1.52729643312894,0.146228703204542,"b"
0.398354308808761,0.834906755879816,0.829618733376265,"b"
-0.779854923114489,1.25515059429549,0.440833753207698,"d"
0.81717523441123,1.46316818100156,0.763801754452288,"c"
0.453665095428185,-0.194082386435062,0.0400141275022179,"f"
0.449368418577927,1.21272334843976,0.43904051114805,"f"
-2.10353893871831,0.516407461110927,0.418653689092025,"d"
0.413601094774142,2.8473565748395,0.392486387863755,"a"
-1.71198545546229,0.768677127535371,0.940907690674067,"b"
-0.252248914234235,0.259519833798307,0.648012320743874,"a"
0.482464162048483,2.70954503281062,0.718514393316582,"a"
2.49029805632233,1.02858622371468,0.976336354389787,"c"
1.44169973379904,2.30391567894419,0.721633115317672,"f"
-0.330534330294533,-0.00123249204509093,0.161513553233817,"f"
0.792310394807418,-0.395025324903576,0.803465500473976,"a"
-0.954785545859562,1.16941873690706,0.72951776208356,"c"
-0.0937101982427078,1.49356878455243,0.546408847207204,"b"
1.67532201690242,-0.0527856061528353,0.818136015674099,"d"
-0.687341032180645,-0.0434917224885845,0.667256038170308,"c"
-0.011493070700568,2.77187287593655,0.368919944157824,"d"
0.937741522282057,1.33465529826868,0.0715523210819811,"e"
-2.55476689257466,-0.98290246659068,0.679065057076514,"a"
0.518971683056323,-0.393983712817583,0.238187530776486,"c"
-0.573233432362087,0.649486485423031,0.363731383346021,"a"
0.338357746593256,1.69867579486775,0.153862537117675,"e"
-1.24605097416223,1.49067250920189,0.594162983354181,"b"
0.625273780848309,0.341924087829338,0.664056001929566,"b"
-0.275522838261347,-0.792414858879519,0.528899704804644,"f"
-1.14155310726854,-0.520657780826946,0.512384992325678,"e"
1.85834671906752,0.0742275821550459,0.936428372049704,"a"
-0.217948845548407,-0.0541790721510787,0.0595006269868463,"c"
1.61143791834576,0.610876627021669,0.26655989442952,"b"
-0.699328855290419,1.06809035078987,0.702131569618359,"a"
0.903317288464198,-0.226593552619293,0.0657611778005958,"e"
-0.137140290690451,-0.590564081003792,0.672167043900117,"b"
-0.307542267061678,-0.831547123758555,0.187376459594816,"d"
-0.246394120650633,-0.934014958927128,0.492144625633955,"c"
0.794831555136285,0.715307463606337,0.271107459906489,"a"
-0.616023667806356,-0.514680987508311,0.242803698172793,"c"
0.0443304555706571,-0.84760734995634,0.879481595475227,"e"
0.999518383369713,2.21255431577252,0.723822411382571,"c"
0.931953505253273,1.6173983980305,0.324364616302773,"c"
2.78739666546373,2.22359687486212,0.84307368658483,"b"
1.39186196672905,1.28249093839427,0.589524694252759,"a"
0.403793818226944,0.49473079149246,0.919722297461703,"b"
-0.876054612750496,1.08209070613864,0.477197000291198,"f"
2.06350995806227,0.592730398690867,0.0956506815273315,"c"
-0.490394454348869,-0.358987427700626,0.146272934041917,"e"
1.02829114171602,-0.914295699924193,0.643067101715133,"f"
0.578840535482375,-0.0895855156670261,0.847054914571345,"c"
-0.30020619758934,0.253929180749651,0.479513962287456,"c"
0.154881602187892,0.457676151765699,0.706288149114698,"c"
-1.81355191975001,0.207400332260177,0.623509499710053,"b"
-0.683589313853206,0.0714461487447706,0.725977526279166,"a"
-1.18896377490712,-0.353694096402136,0.0839807623997331,"e"
-0.288645070014728,1.00850218227207,0.586294002830982,"a"
-1.51645560996635,0.323093083303799,0.627714719856158,"c"
0.356172573571912,-1.32763583061607,0.187399918911979,"a"
0.874371891256368,0.8711607508378,0.739287151722237,"c"
0.0749559811645816,-0.431310462542847,0.510653268545866,"d"
-0.93266846393044,1.74263218609949,0.592428111005574,"e"
0.0622654810607871,-1.44521705802009,0.553901084698737,"c"
1.1115208686764,0.262763469748188,0.146722080651671,"f"
0.527654451565522,1.2162889598058,0.0116411214694381,"b"
-0.871401079529027,-0.260106613365745,0.0307499542832375,"c"
-0.565242926980103,0.949511925058239,0.697893938980997,"d"
-0.749910373003706,-2.32355490192057,0.907407974591479,"d"
-0.1280577371585,-0.356433312401246,0.494346164166927,"e"
-0.961370223341613,-1.7778858369504,0.261182486545295,"d"
0.301277322790981,-0.921555113982282,0.767441826872528,"a"
0.393673504253289,-0.663725721538708,0.254315602825955,"e"
0.392538113514164,1.20892532315049,0.843605408677831,"d"
1.01271888951469,0.93665763397594,0.67298561357893,"a"
-1.82741685840696,0.438416800102366,0.860388371627778,"c"
0.306207999945369,-0.56782830640608,0.0430787485092878,"b"
-1.62018920333326,0.930971878971214,0.932483165757731,"a"
-0.252575740968031,0.401317949641114,0.469033832428977,"f"
-1.81618097764829,-1.70693883203252,0.106497692875564,"b"
-1.24365156703285,-1.02777769829277,0.326699991477653,"e"
-0.466141441284112,-0.530296449806879,0.850670465268195,"c"
-1.3704782042873,-1.7936232274089,0.0855080168694258,"a"
0.617361857618324,-0.0361946882993744,0.892530995188281,"a"
1.7230782805533,1.75459660751813,0.607612907188013,"e"
-0.236769266477294,1.24667701472218,0.526740006869659,"e"
-0.403414221202057,-0.584920290216653,0.468892514472827,"e"
1.73763896368117,1.61262654311784,0.0555839885491878,"b"
-0.0049616078681309,0.173304582462086,0.658749575493857,"c"
1.9600126178282,2.01308429945547,0.475407256744802,"d"
0.0693491126832178,-1.49916146203644,0.415340147679672,"f"
2.58042140160393,1.13173131910332,0.461379384854808,"a"
0.941861851255042,-0.946708462851806,0.0952326660044491,"a"
0.0759879945351177,0.193465666543152,0.0758311687968671,"b"
-0.0397403137757769,1.86230165252499,0.596278415061533,"a"
0.384237220245409,3.42746645612513,0.283692280296236,"b"
-0.804980461772687,-0.304433882367625,0.558756436221302,"e"
-0.633292866674637,0.183920483657935,0.708216755883768,"b"
0.589317698661825,0.111351762085458,0.444275337737054,"c"
0.297424436691067,0.299395621146967,0.811665050452575,"f"
0.392882409576354,-0.780555439040889,0.581368552986532,"d"
0.597195075450326,1.61331870097818,0.906247005797923,"d"
-0.864311881286,1.9146550114785,0.225049483356997,"f"
0.708161702283712,-1.10251256406106,0.431549351662397,"c"
-1.28514011447135,0.562070507153912,0.16711181262508,"b"
-0.273763894357176,0.0730497960863863,0.374867717502639,"a"
0.908779146901691,-0.340894968278963,0.842790383612737,"e"
0.46339010612437,1.26498212755453,0.465050202561542,"a"
0.584681599125059,1.31170081139805,0.657912255031988,"d"
-1.21715026372778,0.0370258434094597,0.825450335862115,"a"
0.120179465744842,1.46787367238328,0.432565005496144,"e"
0.181340746706023,0.153044788767014,0.171389238676056,"d"
-0.728517675690076,1.19036345369694,0.121304926695302,"c"
-0.31183405877813,0.0234975479528785,0.777854728046805,"f"
0.617968063484976,1.67534997572843,0.545443995855749,"e"
0.359252803624997,1.01218604155124,0.559348075417802,"d"
-0.573767550603508,0.558883530979755,0.0643340121023357,"d"
0.359174362812646,0.0278151784948448,0.612214653985575,"e"
0.312693260261639,1.36087559260411,0.329029335873201,"b"
-0.554270487524883,0.330828656182725,0.854360757162794,"b"
-0.493838747279899,1.34501453757757,0.346024637809023,"b"
-1.48366128094872,1.41435398072057,0.413891880773008,"e"
-0.093734854034669,0.866614537992205,0.22035098192282,"c"
1.1077613567434,1.66085345287988,0.793745594564825,"c"
-1.55335062831035,-0.828267208403169,0.219784348271787,"f"
0.542753378584623,-0.23427880825995,0.362437212606892,"f"
-0.685409979111336,0.913823615790555,0.54022371256724,"a"
2.48905837945223,2.05969677448129,0.321326707256958,"e"
1.17050150296787,2.20275677718745,0.00156123423948884,"f"
0.552784325891033,-0.877164395674194,0.555036426056176,"b"
-1.13613988908221,0.329343177327917,0.717017176328227,"a"
-2.04933152630275,1.70532960802026,0.909757606917992,"e"
-0.242734411765705,-0.530943871192343,0.657917506294325,"c"
1.00986873672443,-0.469889056365483,0.186417707707733,"b"
0.80252880297331,0.188548382660676,0.410591202322394,"e"
0.941863318733957,-0.821201367620601,0.72544962586835,"f"
-1.40553483790229,1.5933979109401,0.73044053837657,"f"
-0.391238507383392,1.33866141253678,0.926820701221004,"f"
-1.05405741181425,-0.499781986345566,0.756515485234559,"a"
-1.7755229921098,0.121366931753968,0.729708800790831,"a"
-0.393834948702489,1.19727506580591,0.968334255507216,"f"
0.558487684644548,-0.345160472560354,0.790032289223745,"f"
0.240350604599218,-0.0484932340516342,0.348087911959738,"d"
1.905256348566,0.756771515048152,0.224016625666991,"d"
0.567070902441993,0.153214607790401,0.994816609658301,"c"
-0.404352181470802,1.00590697770054,0.86097157606855,"b"
0.011288923103256,-0.560485380588214,0.098984211217612,"c"
0.691462164531195,0.445243618520376,0.0508842756971717,"d"
0.473825091455617,0.267928289206573,0.223484173417091,"c"
0.830915196666371,0.194161913075519,0.935646923491731,"e"
-1.14788498419364,0.645211177250315,0.629466061713174,"f"
-2.34452695918183,-1.25931433051241,0.253543518483639,"a"
-0.40757733033393,1.67930070983761,0.358798011671752,"c"
1.74260452400904,-0.0428342015857252,0.953275362029672,"b"
1.90786764110436,0.658296732801081,0.618264941964298,"a"
-0.841285482105134,-0.19853482806322,0.225140426075086,"d"
-1.07720653191235,1.3977415087295,0.0024637661408633,"e"
0.412449552438457,1.46988562989501,0.36336034652777,"b"
-0.252567926896946,0.583750638849283,0.70177850802429,"c"
-0.927587564417218,0.097370639923274,0.580981862032786,"e"
-0.681833898609746,0.991237188631346,0.285709855146706,"e"
1.73145643796891,0.662463561777451,0.532011016504839,"b"
-1.1459186750317,0.723376111895684,0.951858829939738,"b"
-1.24769468717737,1.16371683836933,0.604921778431162,"e"
0.718879094780309,0.0585450472148655,0.0271064282860607,"e"
-0.534809445074214,1.35528313451244,0.739053394179791,"e"
0.372055995131811,0.313268914289814,0.738520888611674,"c"
1.23663605431119,-0.105614224274297,0.711429857648909,"e"
-2.01356145711293,0.166367624015967,0.894660358782858,"c"
0.456214469727054,1.96753758177945,0.86015497869812,"f"
-0.938494668012237,1.03452931208482,0.499740912113339,"c"
-0.648438529804801,-0.868071698087401,0.310935663990676,"c"
-0.30851994188027,-0.678696011073067,0.882168054813519,"b"
-1.31829391365077,1.92785725736881,0.94538434385322,"b"
-0.563827558843733,0.152121910477285,0.445896912133321,"d"
-1.25077272473677,0.654094695867891,0.627106500091031,"d"
-0.650583863641379,1.91170073656026,0.681031567510217,"c"
-0.0662689482650498,0.456854577758418,0.424894894706085,"e"
0.405019312312124,-0.179043586738812,0.486561197787523,"d"
0.00855773326491713,1.41344078680792,0.192161539103836,"e"
0.620857470663717,1.10964590422237,0.443772738100961,"a"
-0.578022404271494,-0.899364220526268,0.4048212247435,"c"
0.300677363609621,1.15993469580676,0.601713255979121,"f"
1.05027407645949,-0.374592065344464,0.705820133909583,"b"
-0.516943903388361,0.707542500816078,0.268108529271558,"a"
-1.89004634363024,0.156408873320402,0.942984825000167,"b"
-0.831186580260602,1.78202640759035,0.0609051825013012,"b"
-0.188736669435012,1.0401754070317,0.950029892614111,"a"
2.01531033170176,1.16166056407869,0.905250428244472,"c"
-0.468630980929442,0.276463007753647,0.721889042994007,"a"
1.96086731531326,1.29244494310586,0.631548097357154,"e"
-0.618352283679416,1.76488311781987,0.294861529720947,"c"
-0.377657370348102,0.683313599774683,0.803488206118345,"a"
0.836750128078707,0.542692638147378,0.614431611495093,"a"
1.6861389932863,0.149771344832272,0.975472345482558,"f"
-0.365691386046951,-0.543663075506635,0.477427075849846,"b"
-0.491739292381425,-0.134416384522671,0.352723349584267,"a"
0.453437377568889,0.0188151515991855,0.165462492732331,"b"
0.0924781623866381,1.35112712185457,0.200697057880461,"e"
-0.396310136713434,1.50010175095873,0.142937784548849,"c"
2.2007033405488,-0.0840694291690667,0.0519335335120559,"a"
1.14107719849424,-0.19961245125844,0.0530252566095442,"c"
0.312723536210406,-0.96182640923527,0.174486233619973,"f"
-0.205321368004712,1.26727034837847,0.757057268870994,"c"
-0.878665783716605,0.187769530552326,0.464910413138568,"b"
0.921833033172931,-0.634109029947285,0.797323695383966,"a"
0.151405983696569,-0.533555095626343,0.337796451058239,"f"
-1.16101928923354,-1.34950634784586,0.198203595355153,"b"
-0.84693593320261,-0.0760904186084845,0.168099425733089,"f"
-0.302392949435869,2.1822551057564,0.816219188272953,"b"
1.11351980848506,0.397785355258133,0.0922651556320488,"b"
0.647326175441025,1.42928901878092,0.770043293712661,"e"
-1.48119336927508,-0.93618573502375,0.41882880940102,"c"
-0.590800248745062,0.367658282493292,0.171623561764136,"d"
0.443044679930518,1.0306056450158,0.485223622061312,"d"
0.00953113258134248,0.338753124052471,0.00215905369259417,"b"
-1.52485137966293,-0.378667488789721,0.311471414985135,"b"
0.604627982474112,2.73518827228896,0.945436153328046,"d"
0.29843541977106,0.602821157197328,0.251795057207346,"e"
-0.892952135343467,0.760089777293524,0.65757400682196,"c"
0.334581572429708,0.324026666933892,0.42172519932501,"e"
-1.12010690414587,-1.36196256562563,0.0170772930141538,"e"
1.24477085317331,0.846262642523619,0.242001569597051,"b"
-1.4070971414718,-0.453152908361172,0.0433318438008428,"c"
-1.03469350327411,-0.810303287065467,0.0437784933019429,"b"
0.102597688644655,1.00863632599944,0.536765794735402,"f"
0.259487571087316,0.742074259334594,0.369760274188593,"f"
-0.329972687837543,0.634377435742049,0.279962578555569,"e"
-0.676783501437701,0.0798606442900142,0.28613392286934,"f"
1.70364884677971,0.700097461780258,0.808318323455751,"b"
-0.314208943843483,0.109365780903011,0.240960513241589,"f"
1.06529333376496,1.74898963883171,0.00646809255704284,"f"
-0.429075590219329,-0.133484738861769,0.853327992372215,"e"
-0.126986389780317,-1.13633955672044,0.81678903545253,"c"
-0.623321201212552,1.41445706673726,0.658325155032799,"f"
-0.0211306939201727,-0.509489094221473,0.239300192799419,"e"
1.33934633185812,0.210432947270637,0.0774315737653524,"c"
-0.567381652160138,-0.518861751116212,0.615881595062092,"d"
1.73542974191079,3.07652561804456,0.386341787176207,"a"
-0.945129841272807,0.300196809183364,0.0735729150474072,"a"
-0.700737144233795,1.06345766657947,0.517076726071537,"d"
0.0632495385032055,-1.10699840609925,0.989796247333288,"c"
0.908412932209948,1.10390713981553,0.104093414731324,"e"
0.0394873613140663,-0.352120619379572,0.984138467581943,"d"
1.26272386455826,2.20997985071994,0.294237881666049,"a"
0.661467102761607,-0.64936290681693,0.70906607224606,"c"
-0.844539057762242,-0.23428056605715,0.628041689051315,"a"
-0.371145882678213,-1.61995461160003,0.512672314187512,"a"
0.271814299238646,2.15946300005236,0.64437569421716,"e"
-0.779057066479885,0.244665500287092,0.218981062062085,"e"
-0.235404204030602,2.34529376539109,0.577821864979342,"b"
-0.216266043527163,-0.758601302959513,0.274053772911429,"b"
1.25636031587941,1.88920213457073,0.700325154699385,"c"
0.662620169631819,1.33296424460952,0.913376841926947,"b"
0.275235674923827,2.08757138105208,0.895743903936818,"e"
1.18454092772797,-0.635410011085031,0.0677943867631257,"a"
0.160211221946126,1.10641778157011,0.285966842668131,"a"
-1.12655745645607,-0.191141363935928,0.03734246105887,"e"
1.9027312667057,3.42356147769773,0.0440706023946404,"c"
-0.17650129000815,-0.231466627707959,0.948533097980544,"f"
0.0390371173507125,-0.695005517921905,0.305854370817542,"b"
-0.756286919249207,0.782563859518708,0.000782669987529516,"b"
0.798559911163991,0.956157142321121,0.835273108212277,"d"
-1.10276418187594,1.14524164026929,0.648631561547518,"f"
1.34423596556432,2.32203645487769,0.507588210515678,"d"
-1.20252657924814,-0.0412707142197868,0.535867060068995,"e"
1.88431101042861,2.09211469546274,0.0544647336937487,"e"
-1.59562706940446,-0.37812692505336,0.536274446174502,"a"
0.176326487399877,0.714744016637998,0.573689449811354,"c"
-0.664557028905907,0.958252189992402,0.320023433538154,"c"
0.999592589704656,-0.462174500081174,0.488040915224701,"d"
-0.296775571340386,0.0841487627283049,0.133101726416498,"e"
-0.399073451549346,-0.0997603092068119,0.517742679920048,"e"
-1.06191219417656,0.692340061656,0.00792311946861446,"e"
0.750540927494041,0.664847909466272,0.630104811862111,"f"
-0.114836934315953,-0.406925182295666,0.788712470326573,"e"
0.901810925138855,2.4805862133034,0.137951037148014,"f"
1.35013449416881,1.95757468656471,0.919313877355307,"d"
-0.885696629744657,0.0958430430520897,0.42455355450511,"a"
0.605815671223241,-0.933326604642486,0.706307256827131,"a"
-0.107453651836028,-1.97787984046372,0.375973358051851,"a"
-1.02694907821902,1.1951592731193,0.554134662495926,"f"
-1.20001570690292,-0.233368383918383,0.109739563893527,"e"
1.0286144746458,-0.697792557432114,0.666220044018701,"d"
0.165779873133382,1.5801323097597,0.672765070572495,"a"
-0.282330120256005,0.288505627290995,0.0723458272404969,"d"
-1.10316982227385,-1.23961500967189,0.298145351232961,"a"
0.311839154033689,-1.09750855577319,0.941396732116118,"b"
-2.74679011984821,-0.317691157399036,0.0635064400266856,"c"
-0.448035887577913,0.761200788777748,0.374158611521125,"f"
-0.86888109996716,0.651665102483356,0.52207965333946,"b"
-0.85220311224829,0.728968087928398,0.111700914567336,"f"
-1.57735204085047,0.0464639417700728,0.835473632439971,"f"
0.280290407122298,1.87121012661729,0.238659773021936,"e"
-0.277411917153871,-2.54669416165631,0.0863676390144974,"d"
-1.17232717219618,-0.62472237703931,0.327160875080153,"e"
-2.39132224547824,-1.26114885918642,0.11887967470102,"c"
-0.514314259493813,0.8913037270657,0.155563267879188,"c"
0.198093485007179,-0.246452833694727,0.933247740846127,"d"
0.332142048523489,1.0660418107397,0.402014439925551,"b"
-0.158037766404784,0.387373659387764,0.39616746478714,"b"
1.18190792323299,0.558330373612051,0.901284328196198,"a"
0.250207578445601,0.204439118866653,0.734732991782948,"b"
-1.68880698527832,-0.372797729881356,0.768407848430797,"c"
1.46008857041289,0.845584591624867,0.553634146228433,"e"
-0.384344364982613,-0.422842501464381,0.741896047955379,"c"
-0.953867374630052,-1.13398509139156,0.983605221146718,"e"
0.428325654701214,1.15061088043426,0.951738465344533,"e"
-0.763236760982219,1.23566484628631,0.800703859888017,"e"
-0.049124373454386,1.27173461508635,0.927265687379986,"d"
-1.02217954135569,0.725504661610576,0.639215694740415,"b"
0.296630388216367,1.6683452416468,0.00815783999860287,"f"
1.12116520632133,1.07216008724797,0.472932890988886,"f"
-0.0674802198947364,1.89084654336869,0.572243127040565,"c"
-1.90284487987286,-1.25266698702302,0.130705904448405,"b"
1.46750896262201,0.366074511546795,0.525486447615549,"c"
-0.876819463473688,-1.48385464961651,0.56401297217235,"e"
0.0585617338922182,-0.159717039157215,0.304612314794213,"c"
-0.598565512543734,1.18753655906968,0.914880134630948,"f"
-0.799900715702112,0.984403288843114,0.519913924625143,"c"
-1.46388543761875,-1.60346123231597,0.182627510046586,"b"
